,tanggal,pm10,so2,co,o3,no2,max,critical,categori,location,pm25,no3
0,2021-01-01,43,58,29,35,65.0,65,O3,SEDANG,DKI2,,
1,2021-01-02,58,86,38,64,80.0,86,PM25,SEDANG,DKI3,,
2,2021-01-03,64,93,25,62,86.0,93,PM25,SEDANG,DKI3,,
3,2021-01-04,50,67,24,31,77.0,77,O3,SEDANG,DKI2,,
4,2021-01-05,59,89,24,35,77.0,89,PM25,SEDANG,DKI3,,
5,2021-01-06,73,81,29,66,85.0,85,O3,SEDANG,DKI2,,
6,2021-01-07,36,52,22,55,72.0,72,O3,SEDANG,DKI2,,
7,2021-01-08,38,68,26,51,71.0,71,O3,SEDANG,DKI2,,
8,2021-01-09,60,77,34,42,80.0,80,O3,SEDANG,DKI2,,
9,2021-01-10,24,39,16,38,59.0,59,O3,SEDANG,DKI2,,
10,2021-01-11,51,72,17,57,68.0,72,PM25,SEDANG,DKI3,,
11,2021-01-12,29,58,20,44,77.0,77,O3,SEDANG,DKI2,,
12,2021-01-13,36,47,17,32,68.0,68,O3,SEDANG,DKI2,,
13,2021-01-14,36,78,20,38,65.0,78,PM25,SEDANG,DKI3,,
14,2021-01-15,52,82,20,56,65.0,82,PM25,SEDANG,DKI3,,
15,2021-01-16,70,92,19,38,67.0,92,PM25,SEDANG,DKI3,,
16,2021-01-17,58,86,22,41,93.0,93,O3,SEDANG,DKI2,,
17,2021-01-18,51,64,21,37,78.0,78,O3,SEDANG,DKI2,,
18,2021-01-19,42,56,19,35,58.0,58,O3,SEDANG,DKI2,,
19,2021-01-20,54,45,17,33,72.0,72,O3,SEDANG,DKI2,,
20,2021-01-21,63,51,21,38,67.0,67,O3,SEDANG,DKI2,,
21,2021-01-22,84,112,32,54,67.0,112,PM25,TIDAK SEHAT,DKI3,,
22,2021-01-23,89,126,47,61,104.0,126,PM25,TIDAK SEHAT,DKI3,,
23,2021-01-24,64,90,19,31,75.0,90,PM25,SEDANG,DKI3,,
24,2021-01-25,62,95,29,67,134.0,134,O3,TIDAK SEHAT,DKI2,,
25,2021-01-26,57,79,34,39,71.0,79,PM25,SEDANG,DKI3,,
26,2021-01-27,33,37,25,20,63.0,63,O3,SEDANG,DKI2,,
27,2021-01-28,28,49,25,28,53.0,53,O3,SEDANG,DKI2,,
28,2021-01-29,30,53,26,36,65.0,65,O3,SEDANG,DKI2,,
29,2021-01-30,46,39,25,32,64.0,64,O3,SEDANG,DKI2,,
30,2021-01-31,41,55,24,29,68.0,68,O3,SEDANG,DKI2,,
0,2021-02-01,73,38,26,46,34.0,126,PM25,TIDAK SEHAT,DKI5,126.0,
1,2021-02-02,53,40,14,55,25.0,70,PM25,SEDANG,DKI3,70.0,
2,2021-02-03,32,40,11,42,19.0,53,PM25,SEDANG,DKI3,53.0,
3,2021-02-04,36,40,14,47,24.0,59,PM25,SEDANG,DKI5,59.0,
4,2021-02-05,29,40,14,45,35.0,51,PM25,SEDANG,DKI3,51.0,
5,2021-02-06,34,40,8,57,15.0,57,O3,SEDANG,DKI2,53.0,
6,2021-02-07,33,40,10,57,13.0,57,O3,SEDANG,DKI2,55.0,
7,2021-02-08,26,39,10,54,17.0,54,O3,SEDANG,DKI2,44.0,
8,2021-02-09,33,40,13,47,22.0,57,PM25,SEDANG,DKI4,57.0,
9,2021-02-10,50,40,13,49,16.0,64,PM25,SEDANG,DKI3,64.0,
10,2021-02-11,38,43,13,35,17.0,57,PM25,SEDANG,DKI3,57.0,
11,2021-02-12,63,43,16,33,42.0,98,PM25,SEDANG,DKI3,98.0,
12,2021-02-13,59,40,12,40,16.0,89,PM25,SEDANG,DKI3,89.0,
13,2021-02-14,55,40,11,42,19.0,73,PM25,SEDANG,DKI3,73.0,
14,2021-02-15,42,40,13,37,25.0,66,PM25,SEDANG,DKI4,66.0,
15,2021-02-16,43,40,11,42,26.0,63,PM25,SEDANG,DKI4,63.0,
16,2021-02-17,46,40,25,41,37.0,71,PM25,SEDANG,DKI5,71.0,
17,2021-02-18,53,44,13,41,29.0,70,PM25,SEDANG,DKI3,70.0,
18,2021-02-19,32,42,20,41,33.0,52,PM25,SEDANG,DKI5,52.0,
19,2021-02-20,45,39,13,53,20.0,63,PM25,SEDANG,DKI4,63.0,
20,2021-02-21,36,39,10,48,17.0,52,PM25,SEDANG,DKI5,52.0,
21,2021-02-22,68,42,22,41,40.0,103,PM25,TIDAK SEHAT,DKI3,103.0,
22,2021-02-23,66,40,16,54,23.0,90,PM25,SEDANG,DKI3,90.0,
23,2021-02-24,42,40,10,33,16.0,61,PM25,SEDANG,DKI4,61.0,
24,2021-02-25,31,43,12,45,23.0,54,PM25,SEDANG,DKI3,54.0,
25,2021-02-26,48,43,13,40,20.0,75,PM25,SEDANG,DKI4,75.0,
26,2021-02-27,59,44,15,50,31.0,94,PM25,SEDANG,DKI4,94.0,
27,2021-02-28,68,40,18,60,18.0,113,PM25,TIDAK SEHAT,DKI4,113.0,
0,2021-03-01,62,45,13,38,18.0,97,PM25,SEDANG,DKI3,97.0,
1,2021-03-02,55,50,17,53,28.0,81,PM25,SEDANG,DKI4,81.0,
2,2021-03-03,59,46,21,50,35.0,83,PM25,SEDANG,DKI3,83.0,
3,2021-03-04,62,45,19,49,31.0,103,PM25,TIDAK SEHAT,DKI4,103.0,
4,2021-03-05,65,54,16,59,30.0,81,PM25,SEDANG,DKI2,81.0,
5,2021-03-06,71,59,25,52,42.0,95,PM25,SEDANG,DKI4,95.0,
6,2021-03-07,64,41,23,51,31.0,103,PM25,TIDAK SEHAT,DKI5,103.0,
7,2021-03-08,58,40,16,41,22.0,81,PM25,SEDANG,DKI4,81.0,
8,2021-03-09,51,41,15,33,22.0,63,PM25,SEDANG,DKI3,63.0,
9,2021-03-10,60,42,21,42,39.0,91,PM25,SEDANG,DKI5,91.0,
10,2021-03-11,38,39,9,43,21.0,53,PM25,SEDANG,DKI4,53.0,
11,2021-03-12,66,41,19,45,25.0,99,PM25,SEDANG,DKI3,99.0,
12,2021-03-13,53,41,13,41,25.0,72,PM25,SEDANG,DKI3,72.0,
13,2021-03-14,52,41,16,37,21.0,73,PM25,SEDANG,DKI3,73.0,
14,2021-03-15,55,42,18,49,34.0,92,PM25,SEDANG,DKI5,92.0,
15,2021-03-16,67,46,13,57,36.0,101,PM25,TIDAK SEHAT,DKI4,101.0,
16,2021-03-17,78,55,20,53,45.0,123,PM25,TIDAK SEHAT,DKI4,123.0,
17,2021-03-18,78,45,16,74,40.0,125,PM25,TIDAK SEHAT,DKI4,125.0,
18,2021-03-19,73,42,14,59,35.0,96,PM25,SEDANG,DKI5,96.0,
19,2021-03-20,65,44,16,56,31.0,106,PM25,TIDAK SEHAT,DKI3,106.0,
20,2021-03-21,81,41,16,51,17.0,118,PM25,TIDAK SEHAT,DKI3,118.0,
21,2021-03-22,62,41,15,43,18.0,93,PM25,SEDANG,DKI3,93.0,
22,2021-03-23,51,41,11,44,16.0,77,PM25,SEDANG,DKI3,77.0,
23,2021-03-24,43,40,11,37,15.0,64,PM25,SEDANG,DKI3,64.0,
24,2021-03-25,38,41,9,41,17.0,68,PM25,SEDANG,DKI4,68.0,
25,2021-03-26,57,42,19,53,28.0,83,PM25,SEDANG,DKI4,83.0,
26,2021-03-27,62,49,13,63,33.0,91,PM25,SEDANG,DKI4,91.0,
27,2021-03-28,57,43,15,71,31.0,78,PM25,SEDANG,DKI5,78.0,
28,2021-03-29,65,48,19,67,37.0,91,PM25,SEDANG,DKI5,91.0,
29,2021-03-30,59,42,15,55,30.0,76,PM25,SEDANG,DKI4,76.0,
30,2021-03-31,56,43,18,48,25.0,69,PM25,SEDANG,DKI4,69.0,
0,2021-04-01,28,41,11,43,19.0,52,PM25,SEDANG,DKI3,52.0,
1,2021-04-02,51,44,11,42,19.0,70,PM25,SEDANG,DKI3,70.0,
2,2021-04-03,39,42,9,57,22.0,67,PM25,SEDANG,DKI4,67.0,
3,2021-04-04,68,43,30,49,37.0,103,PM25,TIDAK SEHAT,DKI3,103.0,
4,2021-04-05,61,43,15,59,28.0,85,PM25,SEDANG,DKI3,85.0,
5,2021-04-06,43,43,10,36,18.0,61,PM25,SEDANG,DKI2,61.0,
6,2021-04-07,30,42,11,43,19.0,52,PM25,SEDANG,DKI2,52.0,
7,2021-04-08,39,51,12,40,22.0,57,PM25,SEDANG,DKI2,57.0,
8,2021-04-09,55,43,14,49,28.0,77,PM25,SEDANG,DKI5,77.0,
9,2021-04-10,64,43,16,50,29.0,101,PM25,TIDAK SEHAT,DKI3,101.0,
10,2021-04-11,66,50,18,60,31.0,108,PM25,TIDAK SEHAT,DKI4,108.0,
11,2021-04-12,69,51,20,54,31.0,93,PM25,SEDANG,DKI2,93.0,
12,2021-04-13,70,63,18,64,40.0,82,PM25,SEDANG,DKI2,82.0,
13,2021-04-14,65,55,16,65,32.0,81,PM25,SEDANG,DKI2,81.0,
14,2021-04-15,67,55,27,50,42.0,88,PM25,SEDANG,DKI5,88.0,
15,2021-04-16,69,55,20,50,44.0,94,PM25,SEDANG,DKI2,94.0,
16,2021-04-17,67,43,20,39,41.0,118,PM25,TIDAK SEHAT,DKI5,118.0,
17,2021-04-18,57,42,16,32,26.0,93,PM25,SEDANG,DKI5,93.0,
18,2021-04-19,63,52,14,41,30.0,108,PM25,TIDAK SEHAT,DKI5,108.0,
19,2021-04-20,64,52,12,55,30.0,94,PM25,SEDANG,DKI2,94.0,
20,2021-04-21,76,56,19,50,37.0,105,PM25,TIDAK SEHAT,DKI5,105.0,
21,2021-04-22,63,52,14,60,40.0,99,PM25,SEDANG,DKI4,99.0,
22,2021-04-23,75,51,16,65,42.0,112,PM25,TIDAK SEHAT,DKI4,112.0,
23,2021-04-24,88,61,18,73,40.0,115,PM25,TIDAK SEHAT,DKI2,115.0,
24,2021-04-25,74,55,17,58,36.0,116,PM25,TIDAK SEHAT,DKI4,116.0,
25,2021-04-26,64,52,11,59,24.0,117,PM25,TIDAK SEHAT,DKI4,117.0,
26,2021-04-27,75,51,12,65,28.0,138,PM25,TIDAK SEHAT,DKI4,138.0,
27,2021-04-28,61,51,15,56,34.0,94,PM25,SEDANG,DKI4,94.0,
28,2021-04-29,69,60,17,44,38.0,85,PM25,SEDANG,DKI2,85.0,
29,2021-04-30,71,57,18,55,42.0,91,PM25,SEDANG,DKI2,91.0,
0,2021-06-01,73,50,18,64,35.0,105,PM25,TIDAK SEHAT,DKI3,105.0,
1,2021-06-02,68,54,20,76,38.0,100,PM25,SEDANG,DKI4,100.0,
2,2021-06-03,68,57,20,61,41.0,93,PM25,SEDANG,DKI2,93.0,
3,2021-06-04,66,48,13,76,30.0,100,PM25,SEDANG,DKI4,100.0,
4,2021-06-05,64,51,20,65,38.0,93,PM25,SEDANG,DKI4,93.0,
5,2021-06-06,63,50,15,72,32.0,95,PM25,SEDANG,DKI3,95.0,
6,2021-06-07,61,52,15,68,31.0,86,PM25,SEDANG,DKI4,86.0,
7,2021-06-08,70,53,16,72,38.0,103,PM25,TIDAK SEHAT,DKI4,103.0,
8,2021-06-09,68,54,14,67,34.0,108,PM25,TIDAK SEHAT,DKI4,108.0,
9,2021-06-10,71,56,23,48,47.0,108,PM25,TIDAK SEHAT,DKI4,108.0,
10,2021-06-11,65,51,15,61,40.0,99,PM25,SEDANG,DKI4,99.0,
11,2021-06-12,67,54,17,57,35.0,93,PM25,SEDANG,DKI4,93.0,
12,2021-06-13,55,52,14,58,25.0,80,PM25,SEDANG,DKI4,80.0,
13,2021-06-14,69,53,13,58,26.0,103,PM25,TIDAK SEHAT,DKI4,103.0,
14,2021-06-15,73,52,13,44,29.0,114,PM25,TIDAK SEHAT,DKI3,114.0,
15,2021-06-16,67,66,25,43,55.0,97,PM25,SEDANG,DKI5,97.0,
16,2021-06-17,66,51,28,44,41.0,102,PM25,TIDAK SEHAT,DKI4,102.0,
17,2021-06-18,77,59,23,49,45.0,102,PM25,TIDAK SEHAT,DKI4,102.0,
18,2021-06-19,64,59,21,41,45.0,102,PM25,TIDAK SEHAT,DKI4,102.0,
19,2021-06-20,81,66,26,44,58.0,140,PM25,TIDAK SEHAT,DKI4,140.0,
20,2021-06-21,62,55,16,44,35.0,90,PM25,SEDANG,DKI4,90.0,
21,2021-06-22,59,54,16,38,35.0,84,PM25,SEDANG,DKI4,84.0,
22,2021-06-23,66,52,17,51,43.0,107,PM25,TIDAK SEHAT,DKI4,107.0,
23,2021-06-24,80,54,19,42,52.0,119,PM25,TIDAK SEHAT,DKI4,119.0,
24,2021-06-25,85,58,30,40,63.0,147,PM25,TIDAK SEHAT,DKI4,147.0,
25,2021-06-26,67,53,10,53,23.0,118,PM25,TIDAK SEHAT,DKI4,118.0,
26,2021-06-27,72,57,22,57,41.0,134,PM25,TIDAK SEHAT,DKI4,134.0,
27,2021-06-28,65,53,18,61,38.0,117,PM25,TIDAK SEHAT,DKI4,117.0,
28,2021-06-29,75,52,24,51,50.0,128,PM25,TIDAK SEHAT,DKI5,128.0,
29,2021-06-30,79,57,19,55,38.0,125,PM25,TIDAK SEHAT,DKI4,125.0,
0,2021-07-01,64,53,14,48,31.0,114,PM25,TIDAK SEHAT,DKI4,114.0,
1,2021-07-02,68,56,23,40,51.0,108,PM25,TIDAK SEHAT,DKI4,108.0,
2,2021-07-03,80,54,13,44,27.0,141,PM25,TIDAK SEHAT,DKI4,141.0,
3,2021-07-04,94,51,15,50,25.0,161,PM25,TIDAK SEHAT,DKI4,161.0,
4,2021-07-05,83,56,13,62,26.0,153,PM25,TIDAK SEHAT,DKI4,153.0,
5,2021-07-06,68,51,10,55,29.0,102,PM25,TIDAK SEHAT,DKI3,102.0,
6,2021-07-07,84,54,12,51,27.0,130,PM25,TIDAK SEHAT,DKI4,130.0,
7,2021-07-08,83,56,11,50,26.0,145,PM25,TIDAK SEHAT,DKI4,145.0,
8,2021-07-09,92,59,11,56,26.0,156,PM25,TIDAK SEHAT,DKI4,156.0,
9,2021-07-10,78,54,10,63,23.0,132,PM25,TIDAK SEHAT,DKI4,132.0,
10,2021-07-11,66,54,10,54,17.0,119,PM25,TIDAK SEHAT,DKI4,119.0,
11,2021-07-12,64,52,9,44,14.0,64,PM10,SEDANG,DKI2,59.0,
12,2021-07-13,78,54,11,43,26.0,119,PM25,TIDAK SEHAT,DKI2,119.0,
13,2021-07-14,66,51,13,50,26.0,116,PM25,TIDAK SEHAT,DKI4,116.0,
14,2021-07-15,95,62,15,56,30.0,174,PM25,TIDAK SEHAT,DKI4,174.0,
15,2021-07-16,85,53,11,53,29.0,138,PM25,TIDAK SEHAT,DKI4,138.0,
16,2021-07-17,74,55,10,58,20.0,134,PM25,TIDAK SEHAT,DKI4,134.0,
17,2021-07-18,82,55,13,58,27.0,150,PM25,TIDAK SEHAT,DKI4,150.0,
18,2021-07-19,80,51,11,77,28.0,140,PM25,TIDAK SEHAT,DKI4,140.0,
19,2021-07-20,86,51,15,60,24.0,147,PM25,TIDAK SEHAT,DKI4,147.0,
20,2021-07-21,55,52,9,58,19.0,102,PM25,TIDAK SEHAT,DKI4,102.0,
21,2021-07-22,60,53,11,54,27.0,110,PM25,TIDAK SEHAT,DKI4,110.0,
22,2021-07-23,63,52,10,59,28.0,104,PM25,TIDAK SEHAT,DKI4,104.0,
23,2021-07-24,66,54,13,51,34.0,104,PM25,TIDAK SEHAT,DKI4,104.0,
24,2021-07-25,81,55,24,54,42.0,148,PM25,TIDAK SEHAT,DKI4,148.0,
25,2021-07-26,79,54,16,46,32.0,131,PM25,TIDAK SEHAT,DKI4,131.0,
26,2021-07-27,82,56,13,41,35.0,140,PM25,TIDAK SEHAT,DKI4,140.0,
27,2021-07-28,82,53,18,40,45.0,145,PM25,TIDAK SEHAT,DKI4,145.0,
28,2021-07-29,78,52,18,53,39.0,140,PM25,TIDAK SEHAT,DKI5,140.0,
29,2021-07-30,90,54,15,81,35.0,154,PM25,TIDAK SEHAT,DKI4,154.0,
30,2021-07-31,63,50,18,65,29.0,100,PM26,SEDANG,DKI4,100.0,
0,2021-08-01,55,50,9,67,22.0,86,PM25,SEDANG,DKI4,86.0,
1,2021-08-02,52,50,10,59,28.0,81,PM25,SEDANG,DKI4,81.0,
2,2021-08-03,61,53,12,47,35.0,104,PM25,TIDAK SEHAT,DKI4,104.0,
3,2021-08-04,64,53,9,50,26.0,89,PM25,SEDANG,DKI2,89.0,
4,2021-08-05,61,55,11,58,27.0,90,PM25,SEDANG,DKI4,90.0,
5,2021-08-06,76,58,20,38,52.0,105,PM25,TIDAK SEHAT,DKI4,105.0,
6,2021-08-07,63,53,10,48,18.0,101,PM25,TIDAK SEHAT,DKI4,101.0,
7,2021-08-08,60,53,9,57,17.0,92,PM25,SEDANG,DKI4,92.0,
8,2021-08-09,56,52,8,57,16.0,82,PM25,SEDANG,DKI4,82.0,
9,2021-08-10,36,48,8,55,19.0,68,PM25,SEDANG,DKI4,68.0,
10,2021-08-11,61,50,12,59,25.0,102,PM25,TIDAK SEHAT,DKI4,102.0,
11,2021-08-12,65,52,10,47,20.0,104,PM25,TIDAK SEHAT,DKI4,104.0,
12,2021-08-13,61,51,11,49,32.0,101,PM25,TIDAK SEHAT,DKI4,101.0,
13,2021-08-14,73,53,15,53,40.0,116,PM25,TIDAK SEHAT,DKI5,116.0,
14,2021-08-15,63,53,12,46,30.0,114,PM25,TIDAK SEHAT,DKI4,114.0,
15,2021-08-16,60,54,9,42,21.0,100,PM25,SEDANG,DKI4,100.0,
16,2021-08-17,62,51,13,40,22.0,103,PM25,TIDAK SEHAT,DKI4,103.0,
17,2021-08-18,62,51,11,42,26.0,97,PM25,SEDANG,DKI4,97.0,
18,2021-08-19,72,55,15,28,36.0,119,PM25,TIDAK SEHAT,DKI4,119.0,
19,2021-08-20,73,55,12,34,34.0,106,PM25,TIDAK SEHAT,DKI4,106.0,
20,2021-08-21,60,51,13,33,35.0,89,PM25,SEDANG,DKI5,89.0,
21,2021-08-22,74,52,14,29,29.0,134,PM25,TIDAK SEHAT,DKI4,134.0,
22,2021-08-23,66,52,13,33,27.0,106,PM25,TIDAK SEHAT,DKI4,106.0,
23,2021-08-24,69,52,12,41,30.0,110,PM25,TIDAK SEHAT,DKI4,110.0,
24,2021-08-25,69,51,12,38,34.0,106,PM25,TIDAK SEHAT,DKI4,106.0,
25,2021-08-26,64,51,10,31,33.0,96,PM25,SEDANG,DKI5,96.0,
26,2021-08-27,63,52,11,32,31.0,105,PM25,TIDAK SEHAT,DKI4,105.0,
27,2021-08-28,76,51,11,44,27.0,123,PM25,TIDAK SEHAT,DKI4,123.0,
28,2021-08-29,68,52,12,36,29.0,122,PM25,TIDAK SEHAT,DKI4,122.0,
29,2021-08-30,87,52,17,39,41.0,140,PM25,TIDAK SEHAT,DKI4,140.0,
30,2021-08-31,74,51,19,48,33.0,109,PM25,TIDAK SEHAT,DKI4,109.0,
0,2021-05-01,66,51,15,57,33.0,102,PM25,TIDAK SEHAT,DKI3,102.0,
1,2021-05-02,55,47,13,53,17.0,89,PM25,SEDANG,DKI4,89.0,
2,2021-05-03,61,50,10,51,20.0,95,PM25,SEDANG,DKI4,95.0,
3,2021-05-04,74,54,18,39,26.0,113,PM25,TIDAK SEHAT,DKI4,113.0,
4,2021-05-05,73,53,20,45,38.0,117,PM25,TIDAK SEHAT,DKI4,117.0,
5,2021-05-06,57,53,16,66,38.0,77,PM25,SEDANG,DKI4,77.0,
6,2021-05-07,67,61,26,151,45.0,151,O3,TIDAK SEHAT,DKI3,83.0,
7,2021-05-08,60,53,12,71,28.0,87,PM25,SEDANG,DKI4,87.0,
8,2021-05-09,46,46,9,61,21.0,66,PM25,SEDANG,DKI4,66.0,
9,2021-05-10,55,51,10,66,21.0,76,PM25,SEDANG,DKI3,76.0,
10,2021-05-11,69,50,12,57,24.0,102,PM25,TIDAK SEHAT,DKI4,102.0,
11,2021-05-12,67,52,10,63,21.0,105,PM25,TIDAK SEHAT,DKI4,105.0,
12,2021-05-13,81,49,14,48,20.0,115,PM25,TIDAK SEHAT,DKI5,115.0,
13,2021-05-14,56,51,9,52,14.0,81,PM25,SEDANG,DKI5,81.0,
14,2021-05-15,62,54,11,40,19.0,89,PM25,SEDANG,DKI4,89.0,
15,2021-05-16,54,50,9,52,16.0,92,PM25,SEDANG,DKI4,92.0,
16,2021-05-17,54,55,11,51,24.0,75,PM25,SEDANG,DKI5,75.0,
17,2021-05-18,41,48,10,49,26.0,58,PM25,SEDANG,DKI3,58.0,
18,2021-05-19,61,52,17,55,36.0,99,PM25,SEDANG,DKI4,99.0,
19,2021-05-20,66,53,12,56,27.0,103,PM25,TIDAK SEHAT,DKI4,103.0,
20,2021-05-21,60,58,15,65,34.0,95,PM25,SEDANG,DKI4,95.0,
21,2021-05-22,64,62,16,66,36.0,90,PM25,SEDANG,DKI2,90.0,
22,2021-05-23,73,64,31,57,40.0,109,PM25,TIDAK SEHAT,DKI5,109.0,
23,2021-05-24,86,74,26,72,38.0,118,PM25,TIDAK SEHAT,DKI4,118.0,
24,2021-05-25,56,52,15,66,35.0,70,PM25,SEDANG,DKI5,70.0,
25,2021-05-26,62,52,12,64,24.0,93,PM25,SEDANG,DKI4,93.0,
26,2021-05-27,60,52,10,62,20.0,79,PM25,SEDANG,DKI4,79.0,
27,2021-05-28,66,53,12,63,24.0,93,PM25,SEDANG,DKI4,93.0,
28,2021-05-29,60,46,14,66,32.0,91,PM25,SEDANG,DKI4,91.0,
29,2021-05-30,53,55,17,51,29.0,72,PM25,SEDANG,DKI4,72.0,
30,2021-05-31,62,49,20,71,37.0,93,PM25,SEDANG,DKI4,93.0,
0,2021-09-01,79,55,16,32,38.0,118,PM25,TIDAK SEHAT,DKI4,118.0,
1,2021-09-02,66,52,15,39,28.0,115,PM25,TIDAK SEHAT,DKI4,115.0,
2,2021-09-03,66,51,11,45,30.0,111,PM25,TIDAK SEHAT,DKI4,111.0,
3,2021-09-04,62,50,10,37,28.0,93,PM25,SEDANG,DKI4,93.0,
4,2021-09-05,74,52,12,36,28.0,120,PM25,TIDAK SEHAT,DKI4,120.0,
5,2021-09-06,73,51,13,34,24.0,109,PM25,TIDAK SEHAT,DKI4,109.0,
6,2021-09-07,60,51,11,27,24.0,86,PM25,SEDANG,DKI4,86.0,
7,2021-09-08,64,52,16,29,34.0,106,PM25,TIDAK SEHAT,DKI4,106.0,
8,2021-09-09,68,54,12,35,31.0,88,PM25,SEDANG,DKI2,88.0,
9,2021-09-10,58,53,10,39,32.0,80,PM25,SEDANG,DKI4,80.0,
10,2021-09-11,70,53,12,46,41.0,109,PM25,TIDAK SEHAT,DKI4,109.0,
11,2021-09-12,66,51,10,36,27.0,111,PM25,TIDAK SEHAT,DKI4,111.0,
12,2021-09-13,56,52,9,27,21.0,88,PM25,SEDANG,DKI4,88.0,
13,2021-09-14,36,50,8,47,19.0,61,PM25,SEDANG,DKI4,61.0,
14,2021-09-15,69,54,20,45,45.0,110,PM25,TIDAK SEHAT,DKI4,110.0,
15,2021-09-16,53,52,10,52,24.0,89,PM25,SEDANG,DKI4,89.0,
16,2021-09-17,50,51,7,53,20.0,85,PM25,SEDANG,DKI4,85.0,
17,2021-09-18,57,53,9,51,22.0,101,PM25,TIDAK SEHAT,DKI4,101.0,
18,2021-09-19,56,50,10,68,19.0,83,PM25,SEDANG,DKI5,83.0,
19,2021-09-20,58,52,11,54,34.0,81,PM25,SEDANG,DKI2,81.0,
20,2021-09-21,61,52,11,58,36.0,99,PM25,SEDANG,DKI4,99.0,
21,2021-09-22,64,54,14,48,32.0,119,PM25,TIDAK SEHAT,DKI4,119.0,
22,2021-09-23,61,53,10,53,22.0,116,PM25,TIDAK SEHAT,DKI4,116.0,
23,2021-09-24,57,53,8,47,26.0,109,PM25,TIDAK SEHAT,DKI4,109.0,
24,2021-09-25,55,52,11,50,20.0,102,PM25,TIDAK SEHAT,DKI4,102.0,
25,2021-09-26,56,50,10,54,19.0,98,PM25,SEDANG,DKI4,98.0,
26,2021-09-27,53,49,12,47,33.0,89,PM25,SEDANG,DKI4,89.0,
27,2021-09-28,49,49,10,49,28.0,71,PM25,SEDANG,DKI2,71.0,
28,2021-09-29,61,57,13,63,38.0,102,PM25,TIDAK SEHAT,DKI4,102.0,
29,2021-09-30,71,63,16,63,37.0,117,PM25,TIDAK SEHAT,DKI4,117.0,
0,2021-10-01,58,59,11,65,,91,PM25,SEDANG,DKI4,91.0,38.0
1,2021-10-02,70,61,12,58,,127,PM25,TIDAK SEHAT,DKI4,127.0,35.0
2,2021-10-03,70,62,11,53,,96,PM25,SEDANG,DKI4,96.0,28.0
3,2021-10-04,62,60,11,64,,110,PM25,TIDAK SEHAT,DKI4,110.0,29.0
4,2021-10-05,65,67,11,54,,90,PM25,SEDANG,DKI2,90.0,33.0
5,2021-10-06,66,66,10,58,,103,PM25,TIDAK SEHAT,DKI4,103.0,35.0
6,2021-10-07,52,60,9,50,,77,PM25,SEDANG,DKI4,77.0,28.0
7,2021-10-08,60,64,11,54,,98,PM25,SEDANG,DKI4,98.0,35.0
8,2021-10-09,55,62,9,60,,83,PM25,SEDANG,DKI4,83.0,29.0
9,2021-10-10,61,61,9,72,,97,PM25,SEDANG,DKI4,97.0,26.0
10,2021-10-11,68,64,12,66,,100,PM25,SEDANG,DKI2,100.0,30.0
11,2021-10-12,77,76,12,49,,111,PM25,TIDAK SEHAT,DKI4,111.0,35.0
12,2021-10-13,57,63,9,58,,91,PM25,SEDANG,DKI4,91.0,31.0
13,2021-10-14,73,65,12,70,,131,PM25,TIDAK SEHAT,DKI4,131.0,35.0
14,2021-10-15,100,64,15,64,,157,PM25,TIDAK SEHAT,DKI4,157.0,37.0
15,2021-10-16,68,63,15,63,,122,PM25,TIDAK SEHAT,DKI4,122.0,44.0
16,2021-10-17,71,63,15,65,,126,PM25,TIDAK SEHAT,DKI4,126.0,30.0
17,2021-10-18,57,58,11,45,,88,PM25,SEDANG,DKI4,88.0,26.0
18,2021-10-19,52,60,18,42,,81,PM25,SEDANG,DKI5,81.0,35.0
19,2021-10-20,50,73,11,50,,96,PM25,SEDANG,DKI4,96.0,27.0
20,2021-10-21,53,61,11,57,,74,PM25,SEDANG,DKI3,74.0,32.0
21,2021-10-22,73,82,18,46,,120,PM25,TIDAK SEHAT,DKI4,120.0,48.0
22,2021-10-23,67,81,13,53,,109,PM25,TIDAK SEHAT,DKI4,109.0,36.0
23,2021-10-24,68,60,17,62,,113,PM25,TIDAK SEHAT,DKI4,113.0,36.0
24,2021-10-25,65,62,14,70,,104,PM25,TIDAK SEHAT,DKI4,104.0,37.0
25,2021-10-26,75,67,16,50,,130,PM25,TIDAK SEHAT,DKI4,130.0,43.0
26,2021-10-27,62,64,15,50,,90,PM25,SEDANG,DKI4,90.0,39.0
27,2021-10-28,54,67,16,56,,78,PM25,SEDANG,DKI4,78.0,39.0
28,2021-10-29,54,80,19,49,,80,SO2,SEDANG,DKI2,79.0,35.0
29,2021-10-30,64,81,15,58,,103,PM25,TIDAK SEHAT,DKI4,103.0,40.0
30,2021-10-31,56,63,28,56,,79,PM25,SEDANG,DKI4,79.0,32.0
0,2021-11-01,64,77,17,48,41.0,91,PM25,SEDANG,DKI5,91.0,
1,2021-11-02,54,51,18,49,35.0,77,PM25,SEDANG,DKI4,77.0,
2,2021-11-03,52,51,13,73,38.0,83,PM25,SEDANG,DKI4,83.0,
3,2021-11-04,63,52,17,63,47.0,95,PM25,SEDANG,DKI2,95.0,
4,2021-11-05,64,52,23,46,46.0,95,PM25,SEDANG,DKI4,95.0,
5,2021-11-06,57,52,13,52,40.0,86,PM25,SEDANG,DKI4,86.0,
6,2021-11-07,52,51,10,55,25.0,81,PM25,SEDANG,DKI4,81.0,
7,2021-11-08,53,52,20,39,41.0,73,PM25,SEDANG,DKI2,73.0,
8,2021-11-09,67,51,21,47,38.0,106,PM25,TIDAK SEHAT,DKI4,106.0,
9,2021-11-10,61,51,11,36,25.0,100,PM25,SEDANG,DKI4,100.0,
10,2021-11-11,47,51,12,36,32.0,71,PM25,SEDANG,DKI4,71.0,
11,2021-11-12,44,47,10,38,19.0,63,PM25,SEDANG,DKI4,63.0,
12,2021-11-13,52,47,16,52,40.0,82,PM25,SEDANG,DKI4,82.0,
13,2021-11-14,50,47,13,46,34.0,68,PM25,SEDANG,DKI4,68.0,
14,2021-11-15,36,47,9,36,17.0,58,PM25,SEDANG,DKI4,58.0,
15,2021-11-16,53,47,11,41,14.0,82,PM25,SEDANG,DKI3,82.0,
16,2021-11-17,60,50,13,45,35.0,99,PM25,SEDANG,DKI4,99.0,
17,2021-11-18,63,43,18,56,35.0,106,PM25,TIDAK SEHAT,DKI4,106.0,
18,2021-11-19,32,41,7,42,12.0,45,PM25,BAIK,DKI2,45.0,
19,2021-11-20,37,43,8,41,17.0,58,PM25,SEDANG,DKI4,58.0,
20,2021-11-21,52,41,19,45,44.0,76,PM25,SEDANG,DKI3,76.0,
21,2021-11-22,29,42,7,41,12.0,45,PM25,BAIK,DKI4,45.0,
22,2021-11-23,25,41,7,41,9.0,55,PM25,SEDANG,DKI2,55.0,
23,2021-11-24,35,42,8,37,12.0,59,PM25,SEDANG,DKI4,59.0,
24,2021-11-25,63,42,12,40,21.0,83,PM25,SEDANG,DKI3,83.0,
25,2021-11-26,58,41,17,39,31.0,78,PM25,SEDANG,DKI4,78.0,
26,2021-11-27,37,41,10,45,22.0,56,PM25,SEDANG,DKI4,56.0,
27,2021-11-28,19,41,7,47,10.0,47,O3,BAIK,DKI2,33.0,
28,2021-11-29,29,42,8,42,12.0,55,PM25,SEDANG,DKI4,55.0,
29,2021-11-30,46,43,10,44,17.0,66,PM25,SEDANG,DKI4,66.0,
0,2021-12-01,63,43,13,41,30.0,100,PM25,SEDANG,DKI4,100.0,
1,2021-12-02,35,42,7,40,14.0,56,PM25,SEDANG,DKI4,56.0,
2,2021-12-03,54,43,9,48,17.0,71,PM25,SEDANG,DKI4,71.0,
3,2021-12-04,50,45,13,43,16.0,65,PM25,SEDANG,DKI3,65.0,
4,2021-12-05,53,44,17,39,29.0,80,PM25,SEDANG,DKI4,80.0,
5,2021-12-06,62,55,23,45,57.0,91,PM25,SEDANG,DKI3,91.0,
6,2021-12-07,179,44,12,43,21.0,179,PM10,TIDAK SEHAT,DKI4,58.0,
7,2021-12-08,49,45,17,51,30.0,76,PM25,SEDANG,DKI4,76.0,
8,2021-12-09,46,46,11,51,20.0,63,PM25,SEDANG,DKI4,63.0,
9,2021-12-10,51,47,14,41,30.0,73,PM25,SEDANG,DKI4,73.0,
10,2021-12-11,38,45,8,51,22.0,60,PM25,SEDANG,DKI4,60.0,
11,2021-12-12,49,43,17,42,34.0,63,PM25,SEDANG,DKI3,63.0,
12,2021-12-13,53,44,11,34,23.0,68,PM25,SEDANG,DKI3,68.0,
13,2021-12-14,51,46,15,37,26.0,76,PM25,SEDANG,DKI4,76.0,
14,2021-12-15,69,44,19,50,30.0,124,PM25,TIDAK SEHAT,DKI4,124.0,
15,2021-12-16,78,43,20,34,36.0,136,PM25,TIDAK SEHAT,DKI4,136.0,
16,2021-12-17,58,43,18,57,35.0,81,PM25,SEDANG,DKI4,81.0,
17,2021-12-18,51,42,18,54,32.0,69,PM25,SEDANG,DKI4,69.0,
18,2021-12-19,65,41,24,78,45.0,102,PM25,TIDAK SEHAT,DKI4,102.0,
19,2021-12-20,57,42,13,58,20.0,86,PM25,SEDANG,DKI4,86.0,
20,2021-12-21,62,42,19,39,49.0,74,PM25,SEDANG,DKI1,74.0,
21,2021-12-22,65,56,28,54,65.0,98,PM25,SEDANG,DKI4,98.0,
22,2021-12-23,70,57,19,44,44.0,99,PM25,SEDANG,DKI2,99.0,
23,2021-12-24,36,53,15,36,52.0,65,PM25,SEDANG,DKI4,65.0,
24,2021-12-25,56,56,23,35,62.0,85,PM25,SEDANG,DKI4,85.0,
25,2021-12-26,44,51,15,37,34.0,71,PM25,SEDANG,DKI4,71.0,
26,2021-12-27,75,61,23,40,47.0,121,PM25,TIDAK SEHAT,DKI4,121.0,
27,2021-12-28,59,53,16,34,33.0,89,PM25,SEDANG,DKI4,89.0,
28,2021-12-29,61,54,15,37,29.0,98,PM25,SEDANG,DKI4,98.0,
29,2021-12-30,60,53,17,38,44.0,102,PM25,TIDAK SEHAT,DKI4,102.0,
30,2021-12-31,64,52,44,37,53.0,90,PM25,SEDANG,DKI4,90.0,
